{
	"retcode": 200,
	"retmsg": "成功",
	"data": {
		"app_version": {
			"last": "0.8",
			"force_upgrade": false
		},
		"categoryList": [{
			"title": "关注",
			"detailList": [{
					"type": 1,
					"title": "测试标题数据进行中，布局引擎测试中",
					"info1": "测试XXXXXXX网，计算文字布局等问题",
					"info2": "评论数",
					"info3": "时间",
					"image1": "http://p3.pstatp.com/large/5d4f0003e2e8ff984bb5",
					"image2": "image2",
					"src": "image3"
				},
				{
					"type": 1,
					"title": "标题2",
					"info1": "YY网",
					"info2": "评论数",
					"info3": "时间",
					"image1": "http://p3.pstatp.com/large/5d4f0003e2e8ff984bb5",
					"image2": "image2",
					"src": "image3"
				},
				{
					"type": 1,
					"title": "标题3",
					"info1": "YY网",
					"info2": "评论数",
					"info3": "时间",
					"image1": "http://p3.pstatp.com/large/5d4f0003e2e8ff984bb5",
					"image2": "image2",
					"src": "image3"
				},
				{
					"type": 1,
					"title": "标题4",
					"info1": "YY网",
					"info2": "评论数",
					"info3": "时间",
					"image1": "http://p3.pstatp.com/large/5d4f0003e2e8ff984bb5",
					"image2": "image2",
					"src": "image3"
				},
				{
					"type": 1,
					"title": "标题5",
					"info1": "YY网",
					"info2": "评论数",
					"info3": "时间",
					"image1": "http://p3.pstatp.com/large/5d4f0003e2e8ff984bb5",
					"image2": "image2",
					"src": "image3"
				},
				{
					"type": 1,
					"title": "标题6",
					"info1": "YY网",
					"info2": "评论数",
					"info3": "时间",
					"image1": "http://p3.pstatp.com/large/5d4f0003e2e8ff984bb5",
					"image2": "image2",
					"src": "image3"
				},
				{
					"type": 1,
					"title": "标题7",
					"info1": "YY网",
					"info2": "评论数",
					"info3": "时间",
					"image1": "http://t11.baidu.com/it/u=2335863178,3848599535&fm=173&app=25&f=JPEG?w=218&h=146&s=BDB02F9F02007EFBD7B845CB0300D0A2",
					"image2": "image2",
					"src": "image3"
				},
				{
					"type": 1,
					"title": "标题8",
					"info1": "YY网",
					"info2": "评论数",
					"info3": "时间",
					"image1": "http://h.hiphotos.baidu.com/news/q%3D100/sign=f0a193d2aa345982c38ae1923cf5310b/5fdf8db1cb1349546e5fefc2514e9258d0094ad6.jpg",
					"image2": "image2",
					"src": "image3"
				},
				{
					"type": 2,
					"title": "测试标题数据进行中，布局引擎测试中",
					"info1": "测试XXXXXXX网，计算文字布局等问题",
					"info2": "评论数",
					"info3": "时间",
					"image1": "http://t11.baidu.com/it/u=2729927893,3336476002&fm=173&app=25&f=JPEG?w=640&h=379&s=F6364C6E4A3A041F9B6145920300D0C3",
					"image2": "image2",
					"src": "http://221.228.226.23/11/t/j/v/b/tjvbwspwhqdmgouolposcsfafpedmb/sh.yinyuetai.com/691201536EE4912BF7E4F1E2C67B8119.mp4"
				}
			]
		},{
			"title": "推荐",
			"detailList": [{
					"type": "NEWS_TEXT_ITEM",
					"title": "测试标题数据进行中，布局引擎测试中",
					"info1": "测试XXXXXXX网，计算文字布局等问题",
					"info2": "评论数",
					"info3": "时间",
					"image1": "http://p3.pstatp.com/large/5d4f0003e2e8ff984bb5",
					"image2": "image2",
					"image3": "image3"
				},
				{
					"type": "NEWS_TEXT_ITEM",
					"title": "标题2",
					"info1": "YY网",
					"info2": "评论数",
					"info3": "时间",
					"image1": "image1",
					"image2": "image2",
					"image3": "image3"
				}
			]
		},{
			"title": "热点",
			"detailList": [{
					"type": "NEWS_TEXT_ITEM",
					"title": "测试标题数据进行中，布局引擎测试中",
					"info1": "测试XXXXXXX网，计算文字布局等问题",
					"info2": "评论数",
					"info3": "时间",
					"image1": "http://p3.pstatp.com/large/5d4f0003e2e8ff984bb5",
					"image2": "image2",
					"image3": "image3"
				},
				{
					"type": "NEWS_TEXT_ITEM",
					"title": "标题2",
					"info1": "YY网",
					"info2": "评论数",
					"info3": "时间",
					"image1": "image1",
					"image2": "image2",
					"image3": "image3"
				}
			]
		}]
	},
	"server_info": {
		"timestamp": -1
	}

}